,index_1,index_2,text_1,text_2,label_1,label_2
0,0,1,"As hobbies, John likes jazzercise, journaling, rowing, and making ceramics in his free time.","As hobbies, John likes writing journals, jazzercise, making ceramics, and sculling in his free time.",3_4_9_10,3_4_9_10
1,0,2,"As hobbies, John likes jazzercise, journaling, rowing, and making ceramics in his free time.","As hobbies, John likes jazzercise, journal writings, making ceramics, and sculling in his free time.",3_4_9_10,3_4_9_10
2,0,3,"As hobbies, John likes jazzercise, journaling, rowing, and making ceramics in his free time.","As hobbies, John likes jazzercise, writing journals, making ceramics, and rowing in his free time.",3_4_9_10,3_4_9_10
3,0,4,"As hobbies, John likes jazzercise, journaling, rowing, and making ceramics in his free time.","As hobbies, John likes making ceramics, rowing, journal writings, and jazzercise in his free time.",3_4_9_10,3_4_9_10
4,0,5,"As hobbies, John likes jazzercise, journaling, rowing, and making ceramics in his free time.","As hobbies, John likes jazzercise, rowing, making ceramics, and journal writings in his free time.",3_4_9_10,3_4_9_10
5,0,6,"As hobbies, John likes jazzercise, journaling, rowing, and making ceramics in his free time.","As hobbies, John likes making ceramics, rowing, jazzercise, and journaling in his free time.",3_4_9_10,3_4_9_10
6,0,7,"As hobbies, John likes jazzercise, journaling, rowing, and making ceramics in his free time.","As hobbies, John likes reading, running, aerobics, and cycling in his free time.",3_4_9_10,1_3_7_8
7,0,8,"As hobbies, John likes jazzercise, journaling, rowing, and making ceramics in his free time.","John's free-time hobbies are reading, jazzercise, jogging, and biking.",3_4_9_10,1_3_7_8
8,0,9,"As hobbies, John likes jazzercise, journaling, rowing, and making ceramics in his free time.","As hobbies, John likes aerobics, jogging, reading, and bicycling in his free time.",3_4_9_10,1_3_7_8
9,0,10,"As hobbies, John likes jazzercise, journaling, rowing, and making ceramics in his free time.","John's free-time hobbies are jazzercise, biking, reading, and running.",3_4_9_10,1_3_7_8
10,0,11,"As hobbies, John likes jazzercise, journaling, rowing, and making ceramics in his free time.","In his free time, John likes reading, jazzercise, jogging, and cycling as hobbies.",3_4_9_10,1_3_7_8
11,0,12,"As hobbies, John likes jazzercise, journaling, rowing, and making ceramics in his free time.","John's free-time hobbies are biking, reading, running, and jazzercise.",3_4_9_10,1_3_7_8
12,0,13,"As hobbies, John likes jazzercise, journaling, rowing, and making ceramics in his free time.","As hobbies, John likes aerobics, reading, running, and bicycling in his free time.",3_4_9_10,1_3_7_8
13,0,14,"As hobbies, John likes jazzercise, journaling, rowing, and making ceramics in his free time.","In his free time, John likes bicycling, running, reading, and aerobics as hobbies.",3_4_9_10,1_3_7_8
14,0,15,"As hobbies, John likes jazzercise, journaling, rowing, and making ceramics in his free time.","John's free-time hobbies are aerobics, reading, bicycling, and running.",3_4_9_10,1_3_7_8
15,0,16,"As hobbies, John likes jazzercise, journaling, rowing, and making ceramics in his free time.","John's free-time hobbies are aerobics, reading, biking, and running.",3_4_9_10,1_3_7_8
16,0,17,"As hobbies, John likes jazzercise, journaling, rowing, and making ceramics in his free time.","John's free-time hobbies are aerobics, running, reading, and bicycling.",3_4_9_10,1_3_7_8
17,0,18,"As hobbies, John likes jazzercise, journaling, rowing, and making ceramics in his free time.","In his free time, John likes jogging, bicycling, reading, and jazzercise as hobbies.",3_4_9_10,1_3_7_8
18,0,19,"As hobbies, John likes jazzercise, journaling, rowing, and making ceramics in his free time.","John's free-time hobbies are bicycling, piloting Aerial drones, potholing, running, and aerobics.",3_4_9_10,1_2_3_6_7
19,0,20,"As hobbies, John likes jazzercise, journaling, rowing, and making ceramics in his free time.","As hobbies, John likes bicycling, running, spelunking, aerobics, and Drone flying in his free time.",3_4_9_10,1_2_3_6_7
20,0,21,"As hobbies, John likes jazzercise, journaling, rowing, and making ceramics in his free time.","John's free-time hobbies are jogging, jazzercise, spelunking, Drone flying, and bicycling.",3_4_9_10,1_2_3_6_7
21,0,22,"As hobbies, John likes jazzercise, journaling, rowing, and making ceramics in his free time.","John's free-time hobbies are spelunking, piloting Aerial drones, jogging, jazzercise, and cycling.",3_4_9_10,1_2_3_6_7
22,0,23,"As hobbies, John likes jazzercise, journaling, rowing, and making ceramics in his free time.","John's free-time hobbies are jogging, bicycling, Drone flying, jazzercise, and caving.",3_4_9_10,1_2_3_6_7
23,0,24,"As hobbies, John likes jazzercise, journaling, rowing, and making ceramics in his free time.","As hobbies, John likes Drone flying, biking, jogging, jazzercise, and potholing in his free time.",3_4_9_10,1_2_3_6_7
24,0,25,"As hobbies, John likes jazzercise, journaling, rowing, and making ceramics in his free time.","As hobbies, John likes cycling, jazzercise, piloting Aerial drones, running, and potholing in his free time.",3_4_9_10,1_2_3_6_7
25,0,26,"As hobbies, John likes jazzercise, journaling, rowing, and making ceramics in his free time.","As hobbies, John likes jazzercise, bicycling, spelunking, piloting Aerial drones, and jogging in his free time.",3_4_9_10,1_2_3_6_7
26,0,27,"As hobbies, John likes jazzercise, journaling, rowing, and making ceramics in his free time.","John's free-time hobbies are biking, jogging, piloting Aerial drones, spelunking, and aerobics.",3_4_9_10,1_2_3_6_7
27,0,28,"As hobbies, John likes jazzercise, journaling, rowing, and making ceramics in his free time.","John's free-time hobbies are bicycling, spelunking, piloting Aerial drones, jazzercise, and jogging.",3_4_9_10,1_2_3_6_7
28,0,29,"As hobbies, John likes jazzercise, journaling, rowing, and making ceramics in his free time.","John's free-time hobbies are jogging, cycling, Drone flying, aerobics, and spelunking.",3_4_9_10,1_2_3_6_7
29,1,2,"As hobbies, John likes writing journals, jazzercise, making ceramics, and sculling in his free time.","As hobbies, John likes jazzercise, journal writings, making ceramics, and sculling in his free time.",3_4_9_10,3_4_9_10
30,1,3,"As hobbies, John likes writing journals, jazzercise, making ceramics, and sculling in his free time.","As hobbies, John likes jazzercise, writing journals, making ceramics, and rowing in his free time.",3_4_9_10,3_4_9_10
31,1,4,"As hobbies, John likes writing journals, jazzercise, making ceramics, and sculling in his free time.","As hobbies, John likes making ceramics, rowing, journal writings, and jazzercise in his free time.",3_4_9_10,3_4_9_10
32,1,5,"As hobbies, John likes writing journals, jazzercise, making ceramics, and sculling in his free time.","As hobbies, John likes jazzercise, rowing, making ceramics, and journal writings in his free time.",3_4_9_10,3_4_9_10
33,1,6,"As hobbies, John likes writing journals, jazzercise, making ceramics, and sculling in his free time.","As hobbies, John likes making ceramics, rowing, jazzercise, and journaling in his free time.",3_4_9_10,3_4_9_10
34,1,7,"As hobbies, John likes writing journals, jazzercise, making ceramics, and sculling in his free time.","As hobbies, John likes reading, running, aerobics, and cycling in his free time.",3_4_9_10,1_3_7_8
35,1,8,"As hobbies, John likes writing journals, jazzercise, making ceramics, and sculling in his free time.","John's free-time hobbies are reading, jazzercise, jogging, and biking.",3_4_9_10,1_3_7_8
36,1,9,"As hobbies, John likes writing journals, jazzercise, making ceramics, and sculling in his free time.","As hobbies, John likes aerobics, jogging, reading, and bicycling in his free time.",3_4_9_10,1_3_7_8
37,1,10,"As hobbies, John likes writing journals, jazzercise, making ceramics, and sculling in his free time.","John's free-time hobbies are jazzercise, biking, reading, and running.",3_4_9_10,1_3_7_8
38,1,11,"As hobbies, John likes writing journals, jazzercise, making ceramics, and sculling in his free time.","In his free time, John likes reading, jazzercise, jogging, and cycling as hobbies.",3_4_9_10,1_3_7_8
39,1,12,"As hobbies, John likes writing journals, jazzercise, making ceramics, and sculling in his free time.","John's free-time hobbies are biking, reading, running, and jazzercise.",3_4_9_10,1_3_7_8
40,1,13,"As hobbies, John likes writing journals, jazzercise, making ceramics, and sculling in his free time.","As hobbies, John likes aerobics, reading, running, and bicycling in his free time.",3_4_9_10,1_3_7_8
41,1,14,"As hobbies, John likes writing journals, jazzercise, making ceramics, and sculling in his free time.","In his free time, John likes bicycling, running, reading, and aerobics as hobbies.",3_4_9_10,1_3_7_8
42,1,15,"As hobbies, John likes writing journals, jazzercise, making ceramics, and sculling in his free time.","John's free-time hobbies are aerobics, reading, bicycling, and running.",3_4_9_10,1_3_7_8
43,1,16,"As hobbies, John likes writing journals, jazzercise, making ceramics, and sculling in his free time.","John's free-time hobbies are aerobics, reading, biking, and running.",3_4_9_10,1_3_7_8
44,1,17,"As hobbies, John likes writing journals, jazzercise, making ceramics, and sculling in his free time.","John's free-time hobbies are aerobics, running, reading, and bicycling.",3_4_9_10,1_3_7_8
45,1,18,"As hobbies, John likes writing journals, jazzercise, making ceramics, and sculling in his free time.","In his free time, John likes jogging, bicycling, reading, and jazzercise as hobbies.",3_4_9_10,1_3_7_8
46,1,19,"As hobbies, John likes writing journals, jazzercise, making ceramics, and sculling in his free time.","John's free-time hobbies are bicycling, piloting Aerial drones, potholing, running, and aerobics.",3_4_9_10,1_2_3_6_7
47,1,20,"As hobbies, John likes writing journals, jazzercise, making ceramics, and sculling in his free time.","As hobbies, John likes bicycling, running, spelunking, aerobics, and Drone flying in his free time.",3_4_9_10,1_2_3_6_7
48,1,21,"As hobbies, John likes writing journals, jazzercise, making ceramics, and sculling in his free time.","John's free-time hobbies are jogging, jazzercise, spelunking, Drone flying, and bicycling.",3_4_9_10,1_2_3_6_7
49,1,22,"As hobbies, John likes writing journals, jazzercise, making ceramics, and sculling in his free time.","John's free-time hobbies are spelunking, piloting Aerial drones, jogging, jazzercise, and cycling.",3_4_9_10,1_2_3_6_7
50,1,23,"As hobbies, John likes writing journals, jazzercise, making ceramics, and sculling in his free time.","John's free-time hobbies are jogging, bicycling, Drone flying, jazzercise, and caving.",3_4_9_10,1_2_3_6_7
51,1,24,"As hobbies, John likes writing journals, jazzercise, making ceramics, and sculling in his free time.","As hobbies, John likes Drone flying, biking, jogging, jazzercise, and potholing in his free time.",3_4_9_10,1_2_3_6_7
52,1,25,"As hobbies, John likes writing journals, jazzercise, making ceramics, and sculling in his free time.","As hobbies, John likes cycling, jazzercise, piloting Aerial drones, running, and potholing in his free time.",3_4_9_10,1_2_3_6_7
53,1,26,"As hobbies, John likes writing journals, jazzercise, making ceramics, and sculling in his free time.","As hobbies, John likes jazzercise, bicycling, spelunking, piloting Aerial drones, and jogging in his free time.",3_4_9_10,1_2_3_6_7
54,1,27,"As hobbies, John likes writing journals, jazzercise, making ceramics, and sculling in his free time.","John's free-time hobbies are biking, jogging, piloting Aerial drones, spelunking, and aerobics.",3_4_9_10,1_2_3_6_7
55,1,28,"As hobbies, John likes writing journals, jazzercise, making ceramics, and sculling in his free time.","John's free-time hobbies are bicycling, spelunking, piloting Aerial drones, jazzercise, and jogging.",3_4_9_10,1_2_3_6_7
56,1,29,"As hobbies, John likes writing journals, jazzercise, making ceramics, and sculling in his free time.","John's free-time hobbies are jogging, cycling, Drone flying, aerobics, and spelunking.",3_4_9_10,1_2_3_6_7
57,2,3,"As hobbies, John likes jazzercise, journal writings, making ceramics, and sculling in his free time.","As hobbies, John likes jazzercise, writing journals, making ceramics, and rowing in his free time.",3_4_9_10,3_4_9_10
58,2,4,"As hobbies, John likes jazzercise, journal writings, making ceramics, and sculling in his free time.","As hobbies, John likes making ceramics, rowing, journal writings, and jazzercise in his free time.",3_4_9_10,3_4_9_10
59,2,5,"As hobbies, John likes jazzercise, journal writings, making ceramics, and sculling in his free time.","As hobbies, John likes jazzercise, rowing, making ceramics, and journal writings in his free time.",3_4_9_10,3_4_9_10
60,2,6,"As hobbies, John likes jazzercise, journal writings, making ceramics, and sculling in his free time.","As hobbies, John likes making ceramics, rowing, jazzercise, and journaling in his free time.",3_4_9_10,3_4_9_10
61,2,7,"As hobbies, John likes jazzercise, journal writings, making ceramics, and sculling in his free time.","As hobbies, John likes reading, running, aerobics, and cycling in his free time.",3_4_9_10,1_3_7_8
62,2,8,"As hobbies, John likes jazzercise, journal writings, making ceramics, and sculling in his free time.","John's free-time hobbies are reading, jazzercise, jogging, and biking.",3_4_9_10,1_3_7_8
63,2,9,"As hobbies, John likes jazzercise, journal writings, making ceramics, and sculling in his free time.","As hobbies, John likes aerobics, jogging, reading, and bicycling in his free time.",3_4_9_10,1_3_7_8
64,2,10,"As hobbies, John likes jazzercise, journal writings, making ceramics, and sculling in his free time.","John's free-time hobbies are jazzercise, biking, reading, and running.",3_4_9_10,1_3_7_8
65,2,11,"As hobbies, John likes jazzercise, journal writings, making ceramics, and sculling in his free time.","In his free time, John likes reading, jazzercise, jogging, and cycling as hobbies.",3_4_9_10,1_3_7_8
66,2,12,"As hobbies, John likes jazzercise, journal writings, making ceramics, and sculling in his free time.","John's free-time hobbies are biking, reading, running, and jazzercise.",3_4_9_10,1_3_7_8
67,2,13,"As hobbies, John likes jazzercise, journal writings, making ceramics, and sculling in his free time.","As hobbies, John likes aerobics, reading, running, and bicycling in his free time.",3_4_9_10,1_3_7_8
68,2,14,"As hobbies, John likes jazzercise, journal writings, making ceramics, and sculling in his free time.","In his free time, John likes bicycling, running, reading, and aerobics as hobbies.",3_4_9_10,1_3_7_8
69,2,15,"As hobbies, John likes jazzercise, journal writings, making ceramics, and sculling in his free time.","John's free-time hobbies are aerobics, reading, bicycling, and running.",3_4_9_10,1_3_7_8
70,2,16,"As hobbies, John likes jazzercise, journal writings, making ceramics, and sculling in his free time.","John's free-time hobbies are aerobics, reading, biking, and running.",3_4_9_10,1_3_7_8
71,2,17,"As hobbies, John likes jazzercise, journal writings, making ceramics, and sculling in his free time.","John's free-time hobbies are aerobics, running, reading, and bicycling.",3_4_9_10,1_3_7_8
72,2,18,"As hobbies, John likes jazzercise, journal writings, making ceramics, and sculling in his free time.","In his free time, John likes jogging, bicycling, reading, and jazzercise as hobbies.",3_4_9_10,1_3_7_8
73,2,19,"As hobbies, John likes jazzercise, journal writings, making ceramics, and sculling in his free time.","John's free-time hobbies are bicycling, piloting Aerial drones, potholing, running, and aerobics.",3_4_9_10,1_2_3_6_7
74,2,20,"As hobbies, John likes jazzercise, journal writings, making ceramics, and sculling in his free time.","As hobbies, John likes bicycling, running, spelunking, aerobics, and Drone flying in his free time.",3_4_9_10,1_2_3_6_7
75,2,21,"As hobbies, John likes jazzercise, journal writings, making ceramics, and sculling in his free time.","John's free-time hobbies are jogging, jazzercise, spelunking, Drone flying, and bicycling.",3_4_9_10,1_2_3_6_7
76,2,22,"As hobbies, John likes jazzercise, journal writings, making ceramics, and sculling in his free time.","John's free-time hobbies are spelunking, piloting Aerial drones, jogging, jazzercise, and cycling.",3_4_9_10,1_2_3_6_7
77,2,23,"As hobbies, John likes jazzercise, journal writings, making ceramics, and sculling in his free time.","John's free-time hobbies are jogging, bicycling, Drone flying, jazzercise, and caving.",3_4_9_10,1_2_3_6_7
78,2,24,"As hobbies, John likes jazzercise, journal writings, making ceramics, and sculling in his free time.","As hobbies, John likes Drone flying, biking, jogging, jazzercise, and potholing in his free time.",3_4_9_10,1_2_3_6_7
79,2,25,"As hobbies, John likes jazzercise, journal writings, making ceramics, and sculling in his free time.","As hobbies, John likes cycling, jazzercise, piloting Aerial drones, running, and potholing in his free time.",3_4_9_10,1_2_3_6_7
80,2,26,"As hobbies, John likes jazzercise, journal writings, making ceramics, and sculling in his free time.","As hobbies, John likes jazzercise, bicycling, spelunking, piloting Aerial drones, and jogging in his free time.",3_4_9_10,1_2_3_6_7
81,2,27,"As hobbies, John likes jazzercise, journal writings, making ceramics, and sculling in his free time.","John's free-time hobbies are biking, jogging, piloting Aerial drones, spelunking, and aerobics.",3_4_9_10,1_2_3_6_7
82,2,28,"As hobbies, John likes jazzercise, journal writings, making ceramics, and sculling in his free time.","John's free-time hobbies are bicycling, spelunking, piloting Aerial drones, jazzercise, and jogging.",3_4_9_10,1_2_3_6_7
83,2,29,"As hobbies, John likes jazzercise, journal writings, making ceramics, and sculling in his free time.","John's free-time hobbies are jogging, cycling, Drone flying, aerobics, and spelunking.",3_4_9_10,1_2_3_6_7
84,3,4,"As hobbies, John likes jazzercise, writing journals, making ceramics, and rowing in his free time.","As hobbies, John likes making ceramics, rowing, journal writings, and jazzercise in his free time.",3_4_9_10,3_4_9_10
85,3,5,"As hobbies, John likes jazzercise, writing journals, making ceramics, and rowing in his free time.","As hobbies, John likes jazzercise, rowing, making ceramics, and journal writings in his free time.",3_4_9_10,3_4_9_10
86,3,6,"As hobbies, John likes jazzercise, writing journals, making ceramics, and rowing in his free time.","As hobbies, John likes making ceramics, rowing, jazzercise, and journaling in his free time.",3_4_9_10,3_4_9_10
87,3,7,"As hobbies, John likes jazzercise, writing journals, making ceramics, and rowing in his free time.","As hobbies, John likes reading, running, aerobics, and cycling in his free time.",3_4_9_10,1_3_7_8
88,3,8,"As hobbies, John likes jazzercise, writing journals, making ceramics, and rowing in his free time.","John's free-time hobbies are reading, jazzercise, jogging, and biking.",3_4_9_10,1_3_7_8
89,3,9,"As hobbies, John likes jazzercise, writing journals, making ceramics, and rowing in his free time.","As hobbies, John likes aerobics, jogging, reading, and bicycling in his free time.",3_4_9_10,1_3_7_8
90,3,10,"As hobbies, John likes jazzercise, writing journals, making ceramics, and rowing in his free time.","John's free-time hobbies are jazzercise, biking, reading, and running.",3_4_9_10,1_3_7_8
91,3,11,"As hobbies, John likes jazzercise, writing journals, making ceramics, and rowing in his free time.","In his free time, John likes reading, jazzercise, jogging, and cycling as hobbies.",3_4_9_10,1_3_7_8
92,3,12,"As hobbies, John likes jazzercise, writing journals, making ceramics, and rowing in his free time.","John's free-time hobbies are biking, reading, running, and jazzercise.",3_4_9_10,1_3_7_8
93,3,13,"As hobbies, John likes jazzercise, writing journals, making ceramics, and rowing in his free time.","As hobbies, John likes aerobics, reading, running, and bicycling in his free time.",3_4_9_10,1_3_7_8
94,3,14,"As hobbies, John likes jazzercise, writing journals, making ceramics, and rowing in his free time.","In his free time, John likes bicycling, running, reading, and aerobics as hobbies.",3_4_9_10,1_3_7_8
95,3,15,"As hobbies, John likes jazzercise, writing journals, making ceramics, and rowing in his free time.","John's free-time hobbies are aerobics, reading, bicycling, and running.",3_4_9_10,1_3_7_8
96,3,16,"As hobbies, John likes jazzercise, writing journals, making ceramics, and rowing in his free time.","John's free-time hobbies are aerobics, reading, biking, and running.",3_4_9_10,1_3_7_8
97,3,17,"As hobbies, John likes jazzercise, writing journals, making ceramics, and rowing in his free time.","John's free-time hobbies are aerobics, running, reading, and bicycling.",3_4_9_10,1_3_7_8
98,3,18,"As hobbies, John likes jazzercise, writing journals, making ceramics, and rowing in his free time.","In his free time, John likes jogging, bicycling, reading, and jazzercise as hobbies.",3_4_9_10,1_3_7_8
99,3,19,"As hobbies, John likes jazzercise, writing journals, making ceramics, and rowing in his free time.","John's free-time hobbies are bicycling, piloting Aerial drones, potholing, running, and aerobics.",3_4_9_10,1_2_3_6_7
100,3,20,"As hobbies, John likes jazzercise, writing journals, making ceramics, and rowing in his free time.","As hobbies, John likes bicycling, running, spelunking, aerobics, and Drone flying in his free time.",3_4_9_10,1_2_3_6_7
101,3,21,"As hobbies, John likes jazzercise, writing journals, making ceramics, and rowing in his free time.","John's free-time hobbies are jogging, jazzercise, spelunking, Drone flying, and bicycling.",3_4_9_10,1_2_3_6_7
102,3,22,"As hobbies, John likes jazzercise, writing journals, making ceramics, and rowing in his free time.","John's free-time hobbies are spelunking, piloting Aerial drones, jogging, jazzercise, and cycling.",3_4_9_10,1_2_3_6_7
103,3,23,"As hobbies, John likes jazzercise, writing journals, making ceramics, and rowing in his free time.","John's free-time hobbies are jogging, bicycling, Drone flying, jazzercise, and caving.",3_4_9_10,1_2_3_6_7
104,3,24,"As hobbies, John likes jazzercise, writing journals, making ceramics, and rowing in his free time.","As hobbies, John likes Drone flying, biking, jogging, jazzercise, and potholing in his free time.",3_4_9_10,1_2_3_6_7
105,3,25,"As hobbies, John likes jazzercise, writing journals, making ceramics, and rowing in his free time.","As hobbies, John likes cycling, jazzercise, piloting Aerial drones, running, and potholing in his free time.",3_4_9_10,1_2_3_6_7
106,3,26,"As hobbies, John likes jazzercise, writing journals, making ceramics, and rowing in his free time.","As hobbies, John likes jazzercise, bicycling, spelunking, piloting Aerial drones, and jogging in his free time.",3_4_9_10,1_2_3_6_7
107,3,27,"As hobbies, John likes jazzercise, writing journals, making ceramics, and rowing in his free time.","John's free-time hobbies are biking, jogging, piloting Aerial drones, spelunking, and aerobics.",3_4_9_10,1_2_3_6_7
108,3,28,"As hobbies, John likes jazzercise, writing journals, making ceramics, and rowing in his free time.","John's free-time hobbies are bicycling, spelunking, piloting Aerial drones, jazzercise, and jogging.",3_4_9_10,1_2_3_6_7
109,3,29,"As hobbies, John likes jazzercise, writing journals, making ceramics, and rowing in his free time.","John's free-time hobbies are jogging, cycling, Drone flying, aerobics, and spelunking.",3_4_9_10,1_2_3_6_7
110,4,5,"As hobbies, John likes making ceramics, rowing, journal writings, and jazzercise in his free time.","As hobbies, John likes jazzercise, rowing, making ceramics, and journal writings in his free time.",3_4_9_10,3_4_9_10
111,4,6,"As hobbies, John likes making ceramics, rowing, journal writings, and jazzercise in his free time.","As hobbies, John likes making ceramics, rowing, jazzercise, and journaling in his free time.",3_4_9_10,3_4_9_10
112,4,7,"As hobbies, John likes making ceramics, rowing, journal writings, and jazzercise in his free time.","As hobbies, John likes reading, running, aerobics, and cycling in his free time.",3_4_9_10,1_3_7_8
113,4,8,"As hobbies, John likes making ceramics, rowing, journal writings, and jazzercise in his free time.","John's free-time hobbies are reading, jazzercise, jogging, and biking.",3_4_9_10,1_3_7_8
114,4,9,"As hobbies, John likes making ceramics, rowing, journal writings, and jazzercise in his free time.","As hobbies, John likes aerobics, jogging, reading, and bicycling in his free time.",3_4_9_10,1_3_7_8
115,4,10,"As hobbies, John likes making ceramics, rowing, journal writings, and jazzercise in his free time.","John's free-time hobbies are jazzercise, biking, reading, and running.",3_4_9_10,1_3_7_8
116,4,11,"As hobbies, John likes making ceramics, rowing, journal writings, and jazzercise in his free time.","In his free time, John likes reading, jazzercise, jogging, and cycling as hobbies.",3_4_9_10,1_3_7_8
117,4,12,"As hobbies, John likes making ceramics, rowing, journal writings, and jazzercise in his free time.","John's free-time hobbies are biking, reading, running, and jazzercise.",3_4_9_10,1_3_7_8
118,4,13,"As hobbies, John likes making ceramics, rowing, journal writings, and jazzercise in his free time.","As hobbies, John likes aerobics, reading, running, and bicycling in his free time.",3_4_9_10,1_3_7_8
119,4,14,"As hobbies, John likes making ceramics, rowing, journal writings, and jazzercise in his free time.","In his free time, John likes bicycling, running, reading, and aerobics as hobbies.",3_4_9_10,1_3_7_8
120,4,15,"As hobbies, John likes making ceramics, rowing, journal writings, and jazzercise in his free time.","John's free-time hobbies are aerobics, reading, bicycling, and running.",3_4_9_10,1_3_7_8
121,4,16,"As hobbies, John likes making ceramics, rowing, journal writings, and jazzercise in his free time.","John's free-time hobbies are aerobics, reading, biking, and running.",3_4_9_10,1_3_7_8
122,4,17,"As hobbies, John likes making ceramics, rowing, journal writings, and jazzercise in his free time.","John's free-time hobbies are aerobics, running, reading, and bicycling.",3_4_9_10,1_3_7_8
123,4,18,"As hobbies, John likes making ceramics, rowing, journal writings, and jazzercise in his free time.","In his free time, John likes jogging, bicycling, reading, and jazzercise as hobbies.",3_4_9_10,1_3_7_8
124,4,19,"As hobbies, John likes making ceramics, rowing, journal writings, and jazzercise in his free time.","John's free-time hobbies are bicycling, piloting Aerial drones, potholing, running, and aerobics.",3_4_9_10,1_2_3_6_7
125,4,20,"As hobbies, John likes making ceramics, rowing, journal writings, and jazzercise in his free time.","As hobbies, John likes bicycling, running, spelunking, aerobics, and Drone flying in his free time.",3_4_9_10,1_2_3_6_7
126,4,21,"As hobbies, John likes making ceramics, rowing, journal writings, and jazzercise in his free time.","John's free-time hobbies are jogging, jazzercise, spelunking, Drone flying, and bicycling.",3_4_9_10,1_2_3_6_7
127,4,22,"As hobbies, John likes making ceramics, rowing, journal writings, and jazzercise in his free time.","John's free-time hobbies are spelunking, piloting Aerial drones, jogging, jazzercise, and cycling.",3_4_9_10,1_2_3_6_7
128,4,23,"As hobbies, John likes making ceramics, rowing, journal writings, and jazzercise in his free time.","John's free-time hobbies are jogging, bicycling, Drone flying, jazzercise, and caving.",3_4_9_10,1_2_3_6_7
129,4,24,"As hobbies, John likes making ceramics, rowing, journal writings, and jazzercise in his free time.","As hobbies, John likes Drone flying, biking, jogging, jazzercise, and potholing in his free time.",3_4_9_10,1_2_3_6_7
130,4,25,"As hobbies, John likes making ceramics, rowing, journal writings, and jazzercise in his free time.","As hobbies, John likes cycling, jazzercise, piloting Aerial drones, running, and potholing in his free time.",3_4_9_10,1_2_3_6_7
131,4,26,"As hobbies, John likes making ceramics, rowing, journal writings, and jazzercise in his free time.","As hobbies, John likes jazzercise, bicycling, spelunking, piloting Aerial drones, and jogging in his free time.",3_4_9_10,1_2_3_6_7
132,4,27,"As hobbies, John likes making ceramics, rowing, journal writings, and jazzercise in his free time.","John's free-time hobbies are biking, jogging, piloting Aerial drones, spelunking, and aerobics.",3_4_9_10,1_2_3_6_7
133,4,28,"As hobbies, John likes making ceramics, rowing, journal writings, and jazzercise in his free time.","John's free-time hobbies are bicycling, spelunking, piloting Aerial drones, jazzercise, and jogging.",3_4_9_10,1_2_3_6_7
134,4,29,"As hobbies, John likes making ceramics, rowing, journal writings, and jazzercise in his free time.","John's free-time hobbies are jogging, cycling, Drone flying, aerobics, and spelunking.",3_4_9_10,1_2_3_6_7
135,5,6,"As hobbies, John likes jazzercise, rowing, making ceramics, and journal writings in his free time.","As hobbies, John likes making ceramics, rowing, jazzercise, and journaling in his free time.",3_4_9_10,3_4_9_10
136,5,7,"As hobbies, John likes jazzercise, rowing, making ceramics, and journal writings in his free time.","As hobbies, John likes reading, running, aerobics, and cycling in his free time.",3_4_9_10,1_3_7_8
137,5,8,"As hobbies, John likes jazzercise, rowing, making ceramics, and journal writings in his free time.","John's free-time hobbies are reading, jazzercise, jogging, and biking.",3_4_9_10,1_3_7_8
138,5,9,"As hobbies, John likes jazzercise, rowing, making ceramics, and journal writings in his free time.","As hobbies, John likes aerobics, jogging, reading, and bicycling in his free time.",3_4_9_10,1_3_7_8
139,5,10,"As hobbies, John likes jazzercise, rowing, making ceramics, and journal writings in his free time.","John's free-time hobbies are jazzercise, biking, reading, and running.",3_4_9_10,1_3_7_8
140,5,11,"As hobbies, John likes jazzercise, rowing, making ceramics, and journal writings in his free time.","In his free time, John likes reading, jazzercise, jogging, and cycling as hobbies.",3_4_9_10,1_3_7_8
141,5,12,"As hobbies, John likes jazzercise, rowing, making ceramics, and journal writings in his free time.","John's free-time hobbies are biking, reading, running, and jazzercise.",3_4_9_10,1_3_7_8
142,5,13,"As hobbies, John likes jazzercise, rowing, making ceramics, and journal writings in his free time.","As hobbies, John likes aerobics, reading, running, and bicycling in his free time.",3_4_9_10,1_3_7_8
143,5,14,"As hobbies, John likes jazzercise, rowing, making ceramics, and journal writings in his free time.","In his free time, John likes bicycling, running, reading, and aerobics as hobbies.",3_4_9_10,1_3_7_8
144,5,15,"As hobbies, John likes jazzercise, rowing, making ceramics, and journal writings in his free time.","John's free-time hobbies are aerobics, reading, bicycling, and running.",3_4_9_10,1_3_7_8
145,5,16,"As hobbies, John likes jazzercise, rowing, making ceramics, and journal writings in his free time.","John's free-time hobbies are aerobics, reading, biking, and running.",3_4_9_10,1_3_7_8
146,5,17,"As hobbies, John likes jazzercise, rowing, making ceramics, and journal writings in his free time.","John's free-time hobbies are aerobics, running, reading, and bicycling.",3_4_9_10,1_3_7_8
147,5,18,"As hobbies, John likes jazzercise, rowing, making ceramics, and journal writings in his free time.","In his free time, John likes jogging, bicycling, reading, and jazzercise as hobbies.",3_4_9_10,1_3_7_8
148,5,19,"As hobbies, John likes jazzercise, rowing, making ceramics, and journal writings in his free time.","John's free-time hobbies are bicycling, piloting Aerial drones, potholing, running, and aerobics.",3_4_9_10,1_2_3_6_7
149,5,20,"As hobbies, John likes jazzercise, rowing, making ceramics, and journal writings in his free time.","As hobbies, John likes bicycling, running, spelunking, aerobics, and Drone flying in his free time.",3_4_9_10,1_2_3_6_7
150,5,21,"As hobbies, John likes jazzercise, rowing, making ceramics, and journal writings in his free time.","John's free-time hobbies are jogging, jazzercise, spelunking, Drone flying, and bicycling.",3_4_9_10,1_2_3_6_7
151,5,22,"As hobbies, John likes jazzercise, rowing, making ceramics, and journal writings in his free time.","John's free-time hobbies are spelunking, piloting Aerial drones, jogging, jazzercise, and cycling.",3_4_9_10,1_2_3_6_7
152,5,23,"As hobbies, John likes jazzercise, rowing, making ceramics, and journal writings in his free time.","John's free-time hobbies are jogging, bicycling, Drone flying, jazzercise, and caving.",3_4_9_10,1_2_3_6_7
153,5,24,"As hobbies, John likes jazzercise, rowing, making ceramics, and journal writings in his free time.","As hobbies, John likes Drone flying, biking, jogging, jazzercise, and potholing in his free time.",3_4_9_10,1_2_3_6_7
154,5,25,"As hobbies, John likes jazzercise, rowing, making ceramics, and journal writings in his free time.","As hobbies, John likes cycling, jazzercise, piloting Aerial drones, running, and potholing in his free time.",3_4_9_10,1_2_3_6_7
155,5,26,"As hobbies, John likes jazzercise, rowing, making ceramics, and journal writings in his free time.","As hobbies, John likes jazzercise, bicycling, spelunking, piloting Aerial drones, and jogging in his free time.",3_4_9_10,1_2_3_6_7
156,5,27,"As hobbies, John likes jazzercise, rowing, making ceramics, and journal writings in his free time.","John's free-time hobbies are biking, jogging, piloting Aerial drones, spelunking, and aerobics.",3_4_9_10,1_2_3_6_7
157,5,28,"As hobbies, John likes jazzercise, rowing, making ceramics, and journal writings in his free time.","John's free-time hobbies are bicycling, spelunking, piloting Aerial drones, jazzercise, and jogging.",3_4_9_10,1_2_3_6_7
158,5,29,"As hobbies, John likes jazzercise, rowing, making ceramics, and journal writings in his free time.","John's free-time hobbies are jogging, cycling, Drone flying, aerobics, and spelunking.",3_4_9_10,1_2_3_6_7
159,6,7,"As hobbies, John likes making ceramics, rowing, jazzercise, and journaling in his free time.","As hobbies, John likes reading, running, aerobics, and cycling in his free time.",3_4_9_10,1_3_7_8
160,6,8,"As hobbies, John likes making ceramics, rowing, jazzercise, and journaling in his free time.","John's free-time hobbies are reading, jazzercise, jogging, and biking.",3_4_9_10,1_3_7_8
161,6,9,"As hobbies, John likes making ceramics, rowing, jazzercise, and journaling in his free time.","As hobbies, John likes aerobics, jogging, reading, and bicycling in his free time.",3_4_9_10,1_3_7_8
162,6,10,"As hobbies, John likes making ceramics, rowing, jazzercise, and journaling in his free time.","John's free-time hobbies are jazzercise, biking, reading, and running.",3_4_9_10,1_3_7_8
163,6,11,"As hobbies, John likes making ceramics, rowing, jazzercise, and journaling in his free time.","In his free time, John likes reading, jazzercise, jogging, and cycling as hobbies.",3_4_9_10,1_3_7_8
164,6,12,"As hobbies, John likes making ceramics, rowing, jazzercise, and journaling in his free time.","John's free-time hobbies are biking, reading, running, and jazzercise.",3_4_9_10,1_3_7_8
165,6,13,"As hobbies, John likes making ceramics, rowing, jazzercise, and journaling in his free time.","As hobbies, John likes aerobics, reading, running, and bicycling in his free time.",3_4_9_10,1_3_7_8
166,6,14,"As hobbies, John likes making ceramics, rowing, jazzercise, and journaling in his free time.","In his free time, John likes bicycling, running, reading, and aerobics as hobbies.",3_4_9_10,1_3_7_8
167,6,15,"As hobbies, John likes making ceramics, rowing, jazzercise, and journaling in his free time.","John's free-time hobbies are aerobics, reading, bicycling, and running.",3_4_9_10,1_3_7_8
168,6,16,"As hobbies, John likes making ceramics, rowing, jazzercise, and journaling in his free time.","John's free-time hobbies are aerobics, reading, biking, and running.",3_4_9_10,1_3_7_8
169,6,17,"As hobbies, John likes making ceramics, rowing, jazzercise, and journaling in his free time.","John's free-time hobbies are aerobics, running, reading, and bicycling.",3_4_9_10,1_3_7_8
170,6,18,"As hobbies, John likes making ceramics, rowing, jazzercise, and journaling in his free time.","In his free time, John likes jogging, bicycling, reading, and jazzercise as hobbies.",3_4_9_10,1_3_7_8
171,6,19,"As hobbies, John likes making ceramics, rowing, jazzercise, and journaling in his free time.","John's free-time hobbies are bicycling, piloting Aerial drones, potholing, running, and aerobics.",3_4_9_10,1_2_3_6_7
172,6,20,"As hobbies, John likes making ceramics, rowing, jazzercise, and journaling in his free time.","As hobbies, John likes bicycling, running, spelunking, aerobics, and Drone flying in his free time.",3_4_9_10,1_2_3_6_7
173,6,21,"As hobbies, John likes making ceramics, rowing, jazzercise, and journaling in his free time.","John's free-time hobbies are jogging, jazzercise, spelunking, Drone flying, and bicycling.",3_4_9_10,1_2_3_6_7
174,6,22,"As hobbies, John likes making ceramics, rowing, jazzercise, and journaling in his free time.","John's free-time hobbies are spelunking, piloting Aerial drones, jogging, jazzercise, and cycling.",3_4_9_10,1_2_3_6_7
175,6,23,"As hobbies, John likes making ceramics, rowing, jazzercise, and journaling in his free time.","John's free-time hobbies are jogging, bicycling, Drone flying, jazzercise, and caving.",3_4_9_10,1_2_3_6_7
176,6,24,"As hobbies, John likes making ceramics, rowing, jazzercise, and journaling in his free time.","As hobbies, John likes Drone flying, biking, jogging, jazzercise, and potholing in his free time.",3_4_9_10,1_2_3_6_7
177,6,25,"As hobbies, John likes making ceramics, rowing, jazzercise, and journaling in his free time.","As hobbies, John likes cycling, jazzercise, piloting Aerial drones, running, and potholing in his free time.",3_4_9_10,1_2_3_6_7
178,6,26,"As hobbies, John likes making ceramics, rowing, jazzercise, and journaling in his free time.","As hobbies, John likes jazzercise, bicycling, spelunking, piloting Aerial drones, and jogging in his free time.",3_4_9_10,1_2_3_6_7
179,6,27,"As hobbies, John likes making ceramics, rowing, jazzercise, and journaling in his free time.","John's free-time hobbies are biking, jogging, piloting Aerial drones, spelunking, and aerobics.",3_4_9_10,1_2_3_6_7
180,6,28,"As hobbies, John likes making ceramics, rowing, jazzercise, and journaling in his free time.","John's free-time hobbies are bicycling, spelunking, piloting Aerial drones, jazzercise, and jogging.",3_4_9_10,1_2_3_6_7
181,6,29,"As hobbies, John likes making ceramics, rowing, jazzercise, and journaling in his free time.","John's free-time hobbies are jogging, cycling, Drone flying, aerobics, and spelunking.",3_4_9_10,1_2_3_6_7
182,7,8,"As hobbies, John likes reading, running, aerobics, and cycling in his free time.","John's free-time hobbies are reading, jazzercise, jogging, and biking.",1_3_7_8,1_3_7_8
183,7,9,"As hobbies, John likes reading, running, aerobics, and cycling in his free time.","As hobbies, John likes aerobics, jogging, reading, and bicycling in his free time.",1_3_7_8,1_3_7_8
184,7,10,"As hobbies, John likes reading, running, aerobics, and cycling in his free time.","John's free-time hobbies are jazzercise, biking, reading, and running.",1_3_7_8,1_3_7_8
185,7,11,"As hobbies, John likes reading, running, aerobics, and cycling in his free time.","In his free time, John likes reading, jazzercise, jogging, and cycling as hobbies.",1_3_7_8,1_3_7_8
186,7,12,"As hobbies, John likes reading, running, aerobics, and cycling in his free time.","John's free-time hobbies are biking, reading, running, and jazzercise.",1_3_7_8,1_3_7_8
187,7,13,"As hobbies, John likes reading, running, aerobics, and cycling in his free time.","As hobbies, John likes aerobics, reading, running, and bicycling in his free time.",1_3_7_8,1_3_7_8
188,7,14,"As hobbies, John likes reading, running, aerobics, and cycling in his free time.","In his free time, John likes bicycling, running, reading, and aerobics as hobbies.",1_3_7_8,1_3_7_8
189,7,15,"As hobbies, John likes reading, running, aerobics, and cycling in his free time.","John's free-time hobbies are aerobics, reading, bicycling, and running.",1_3_7_8,1_3_7_8
190,7,16,"As hobbies, John likes reading, running, aerobics, and cycling in his free time.","John's free-time hobbies are aerobics, reading, biking, and running.",1_3_7_8,1_3_7_8
191,7,17,"As hobbies, John likes reading, running, aerobics, and cycling in his free time.","John's free-time hobbies are aerobics, running, reading, and bicycling.",1_3_7_8,1_3_7_8
192,7,18,"As hobbies, John likes reading, running, aerobics, and cycling in his free time.","In his free time, John likes jogging, bicycling, reading, and jazzercise as hobbies.",1_3_7_8,1_3_7_8
193,7,19,"As hobbies, John likes reading, running, aerobics, and cycling in his free time.","John's free-time hobbies are bicycling, piloting Aerial drones, potholing, running, and aerobics.",1_3_7_8,1_2_3_6_7
194,7,20,"As hobbies, John likes reading, running, aerobics, and cycling in his free time.","As hobbies, John likes bicycling, running, spelunking, aerobics, and Drone flying in his free time.",1_3_7_8,1_2_3_6_7
195,7,21,"As hobbies, John likes reading, running, aerobics, and cycling in his free time.","John's free-time hobbies are jogging, jazzercise, spelunking, Drone flying, and bicycling.",1_3_7_8,1_2_3_6_7
196,7,22,"As hobbies, John likes reading, running, aerobics, and cycling in his free time.","John's free-time hobbies are spelunking, piloting Aerial drones, jogging, jazzercise, and cycling.",1_3_7_8,1_2_3_6_7
197,7,23,"As hobbies, John likes reading, running, aerobics, and cycling in his free time.","John's free-time hobbies are jogging, bicycling, Drone flying, jazzercise, and caving.",1_3_7_8,1_2_3_6_7
198,7,24,"As hobbies, John likes reading, running, aerobics, and cycling in his free time.","As hobbies, John likes Drone flying, biking, jogging, jazzercise, and potholing in his free time.",1_3_7_8,1_2_3_6_7
199,7,25,"As hobbies, John likes reading, running, aerobics, and cycling in his free time.","As hobbies, John likes cycling, jazzercise, piloting Aerial drones, running, and potholing in his free time.",1_3_7_8,1_2_3_6_7
200,7,26,"As hobbies, John likes reading, running, aerobics, and cycling in his free time.","As hobbies, John likes jazzercise, bicycling, spelunking, piloting Aerial drones, and jogging in his free time.",1_3_7_8,1_2_3_6_7
201,7,27,"As hobbies, John likes reading, running, aerobics, and cycling in his free time.","John's free-time hobbies are biking, jogging, piloting Aerial drones, spelunking, and aerobics.",1_3_7_8,1_2_3_6_7
202,7,28,"As hobbies, John likes reading, running, aerobics, and cycling in his free time.","John's free-time hobbies are bicycling, spelunking, piloting Aerial drones, jazzercise, and jogging.",1_3_7_8,1_2_3_6_7
203,7,29,"As hobbies, John likes reading, running, aerobics, and cycling in his free time.","John's free-time hobbies are jogging, cycling, Drone flying, aerobics, and spelunking.",1_3_7_8,1_2_3_6_7
204,8,9,"John's free-time hobbies are reading, jazzercise, jogging, and biking.","As hobbies, John likes aerobics, jogging, reading, and bicycling in his free time.",1_3_7_8,1_3_7_8
205,8,10,"John's free-time hobbies are reading, jazzercise, jogging, and biking.","John's free-time hobbies are jazzercise, biking, reading, and running.",1_3_7_8,1_3_7_8
206,8,11,"John's free-time hobbies are reading, jazzercise, jogging, and biking.","In his free time, John likes reading, jazzercise, jogging, and cycling as hobbies.",1_3_7_8,1_3_7_8
207,8,12,"John's free-time hobbies are reading, jazzercise, jogging, and biking.","John's free-time hobbies are biking, reading, running, and jazzercise.",1_3_7_8,1_3_7_8
208,8,13,"John's free-time hobbies are reading, jazzercise, jogging, and biking.","As hobbies, John likes aerobics, reading, running, and bicycling in his free time.",1_3_7_8,1_3_7_8
209,8,14,"John's free-time hobbies are reading, jazzercise, jogging, and biking.","In his free time, John likes bicycling, running, reading, and aerobics as hobbies.",1_3_7_8,1_3_7_8
210,8,15,"John's free-time hobbies are reading, jazzercise, jogging, and biking.","John's free-time hobbies are aerobics, reading, bicycling, and running.",1_3_7_8,1_3_7_8
211,8,16,"John's free-time hobbies are reading, jazzercise, jogging, and biking.","John's free-time hobbies are aerobics, reading, biking, and running.",1_3_7_8,1_3_7_8
212,8,17,"John's free-time hobbies are reading, jazzercise, jogging, and biking.","John's free-time hobbies are aerobics, running, reading, and bicycling.",1_3_7_8,1_3_7_8
213,8,18,"John's free-time hobbies are reading, jazzercise, jogging, and biking.","In his free time, John likes jogging, bicycling, reading, and jazzercise as hobbies.",1_3_7_8,1_3_7_8
214,8,19,"John's free-time hobbies are reading, jazzercise, jogging, and biking.","John's free-time hobbies are bicycling, piloting Aerial drones, potholing, running, and aerobics.",1_3_7_8,1_2_3_6_7
215,8,20,"John's free-time hobbies are reading, jazzercise, jogging, and biking.","As hobbies, John likes bicycling, running, spelunking, aerobics, and Drone flying in his free time.",1_3_7_8,1_2_3_6_7
216,8,21,"John's free-time hobbies are reading, jazzercise, jogging, and biking.","John's free-time hobbies are jogging, jazzercise, spelunking, Drone flying, and bicycling.",1_3_7_8,1_2_3_6_7
217,8,22,"John's free-time hobbies are reading, jazzercise, jogging, and biking.","John's free-time hobbies are spelunking, piloting Aerial drones, jogging, jazzercise, and cycling.",1_3_7_8,1_2_3_6_7
218,8,23,"John's free-time hobbies are reading, jazzercise, jogging, and biking.","John's free-time hobbies are jogging, bicycling, Drone flying, jazzercise, and caving.",1_3_7_8,1_2_3_6_7
219,8,24,"John's free-time hobbies are reading, jazzercise, jogging, and biking.","As hobbies, John likes Drone flying, biking, jogging, jazzercise, and potholing in his free time.",1_3_7_8,1_2_3_6_7
220,8,25,"John's free-time hobbies are reading, jazzercise, jogging, and biking.","As hobbies, John likes cycling, jazzercise, piloting Aerial drones, running, and potholing in his free time.",1_3_7_8,1_2_3_6_7
221,8,26,"John's free-time hobbies are reading, jazzercise, jogging, and biking.","As hobbies, John likes jazzercise, bicycling, spelunking, piloting Aerial drones, and jogging in his free time.",1_3_7_8,1_2_3_6_7
222,8,27,"John's free-time hobbies are reading, jazzercise, jogging, and biking.","John's free-time hobbies are biking, jogging, piloting Aerial drones, spelunking, and aerobics.",1_3_7_8,1_2_3_6_7
223,8,28,"John's free-time hobbies are reading, jazzercise, jogging, and biking.","John's free-time hobbies are bicycling, spelunking, piloting Aerial drones, jazzercise, and jogging.",1_3_7_8,1_2_3_6_7
224,8,29,"John's free-time hobbies are reading, jazzercise, jogging, and biking.","John's free-time hobbies are jogging, cycling, Drone flying, aerobics, and spelunking.",1_3_7_8,1_2_3_6_7
225,9,10,"As hobbies, John likes aerobics, jogging, reading, and bicycling in his free time.","John's free-time hobbies are jazzercise, biking, reading, and running.",1_3_7_8,1_3_7_8
226,9,11,"As hobbies, John likes aerobics, jogging, reading, and bicycling in his free time.","In his free time, John likes reading, jazzercise, jogging, and cycling as hobbies.",1_3_7_8,1_3_7_8
227,9,12,"As hobbies, John likes aerobics, jogging, reading, and bicycling in his free time.","John's free-time hobbies are biking, reading, running, and jazzercise.",1_3_7_8,1_3_7_8
228,9,13,"As hobbies, John likes aerobics, jogging, reading, and bicycling in his free time.","As hobbies, John likes aerobics, reading, running, and bicycling in his free time.",1_3_7_8,1_3_7_8
229,9,14,"As hobbies, John likes aerobics, jogging, reading, and bicycling in his free time.","In his free time, John likes bicycling, running, reading, and aerobics as hobbies.",1_3_7_8,1_3_7_8
230,9,15,"As hobbies, John likes aerobics, jogging, reading, and bicycling in his free time.","John's free-time hobbies are aerobics, reading, bicycling, and running.",1_3_7_8,1_3_7_8
231,9,16,"As hobbies, John likes aerobics, jogging, reading, and bicycling in his free time.","John's free-time hobbies are aerobics, reading, biking, and running.",1_3_7_8,1_3_7_8
232,9,17,"As hobbies, John likes aerobics, jogging, reading, and bicycling in his free time.","John's free-time hobbies are aerobics, running, reading, and bicycling.",1_3_7_8,1_3_7_8
233,9,18,"As hobbies, John likes aerobics, jogging, reading, and bicycling in his free time.","In his free time, John likes jogging, bicycling, reading, and jazzercise as hobbies.",1_3_7_8,1_3_7_8
234,9,19,"As hobbies, John likes aerobics, jogging, reading, and bicycling in his free time.","John's free-time hobbies are bicycling, piloting Aerial drones, potholing, running, and aerobics.",1_3_7_8,1_2_3_6_7
235,9,20,"As hobbies, John likes aerobics, jogging, reading, and bicycling in his free time.","As hobbies, John likes bicycling, running, spelunking, aerobics, and Drone flying in his free time.",1_3_7_8,1_2_3_6_7
236,9,21,"As hobbies, John likes aerobics, jogging, reading, and bicycling in his free time.","John's free-time hobbies are jogging, jazzercise, spelunking, Drone flying, and bicycling.",1_3_7_8,1_2_3_6_7
237,9,22,"As hobbies, John likes aerobics, jogging, reading, and bicycling in his free time.","John's free-time hobbies are spelunking, piloting Aerial drones, jogging, jazzercise, and cycling.",1_3_7_8,1_2_3_6_7
238,9,23,"As hobbies, John likes aerobics, jogging, reading, and bicycling in his free time.","John's free-time hobbies are jogging, bicycling, Drone flying, jazzercise, and caving.",1_3_7_8,1_2_3_6_7
239,9,24,"As hobbies, John likes aerobics, jogging, reading, and bicycling in his free time.","As hobbies, John likes Drone flying, biking, jogging, jazzercise, and potholing in his free time.",1_3_7_8,1_2_3_6_7
240,9,25,"As hobbies, John likes aerobics, jogging, reading, and bicycling in his free time.","As hobbies, John likes cycling, jazzercise, piloting Aerial drones, running, and potholing in his free time.",1_3_7_8,1_2_3_6_7
241,9,26,"As hobbies, John likes aerobics, jogging, reading, and bicycling in his free time.","As hobbies, John likes jazzercise, bicycling, spelunking, piloting Aerial drones, and jogging in his free time.",1_3_7_8,1_2_3_6_7
242,9,27,"As hobbies, John likes aerobics, jogging, reading, and bicycling in his free time.","John's free-time hobbies are biking, jogging, piloting Aerial drones, spelunking, and aerobics.",1_3_7_8,1_2_3_6_7
243,9,28,"As hobbies, John likes aerobics, jogging, reading, and bicycling in his free time.","John's free-time hobbies are bicycling, spelunking, piloting Aerial drones, jazzercise, and jogging.",1_3_7_8,1_2_3_6_7
244,9,29,"As hobbies, John likes aerobics, jogging, reading, and bicycling in his free time.","John's free-time hobbies are jogging, cycling, Drone flying, aerobics, and spelunking.",1_3_7_8,1_2_3_6_7
245,10,11,"John's free-time hobbies are jazzercise, biking, reading, and running.","In his free time, John likes reading, jazzercise, jogging, and cycling as hobbies.",1_3_7_8,1_3_7_8
246,10,12,"John's free-time hobbies are jazzercise, biking, reading, and running.","John's free-time hobbies are biking, reading, running, and jazzercise.",1_3_7_8,1_3_7_8
247,10,13,"John's free-time hobbies are jazzercise, biking, reading, and running.","As hobbies, John likes aerobics, reading, running, and bicycling in his free time.",1_3_7_8,1_3_7_8
248,10,14,"John's free-time hobbies are jazzercise, biking, reading, and running.","In his free time, John likes bicycling, running, reading, and aerobics as hobbies.",1_3_7_8,1_3_7_8
249,10,15,"John's free-time hobbies are jazzercise, biking, reading, and running.","John's free-time hobbies are aerobics, reading, bicycling, and running.",1_3_7_8,1_3_7_8
250,10,16,"John's free-time hobbies are jazzercise, biking, reading, and running.","John's free-time hobbies are aerobics, reading, biking, and running.",1_3_7_8,1_3_7_8
251,10,17,"John's free-time hobbies are jazzercise, biking, reading, and running.","John's free-time hobbies are aerobics, running, reading, and bicycling.",1_3_7_8,1_3_7_8
252,10,18,"John's free-time hobbies are jazzercise, biking, reading, and running.","In his free time, John likes jogging, bicycling, reading, and jazzercise as hobbies.",1_3_7_8,1_3_7_8
253,10,19,"John's free-time hobbies are jazzercise, biking, reading, and running.","John's free-time hobbies are bicycling, piloting Aerial drones, potholing, running, and aerobics.",1_3_7_8,1_2_3_6_7
254,10,20,"John's free-time hobbies are jazzercise, biking, reading, and running.","As hobbies, John likes bicycling, running, spelunking, aerobics, and Drone flying in his free time.",1_3_7_8,1_2_3_6_7
255,10,21,"John's free-time hobbies are jazzercise, biking, reading, and running.","John's free-time hobbies are jogging, jazzercise, spelunking, Drone flying, and bicycling.",1_3_7_8,1_2_3_6_7
256,10,22,"John's free-time hobbies are jazzercise, biking, reading, and running.","John's free-time hobbies are spelunking, piloting Aerial drones, jogging, jazzercise, and cycling.",1_3_7_8,1_2_3_6_7
257,10,23,"John's free-time hobbies are jazzercise, biking, reading, and running.","John's free-time hobbies are jogging, bicycling, Drone flying, jazzercise, and caving.",1_3_7_8,1_2_3_6_7
258,10,24,"John's free-time hobbies are jazzercise, biking, reading, and running.","As hobbies, John likes Drone flying, biking, jogging, jazzercise, and potholing in his free time.",1_3_7_8,1_2_3_6_7
259,10,25,"John's free-time hobbies are jazzercise, biking, reading, and running.","As hobbies, John likes cycling, jazzercise, piloting Aerial drones, running, and potholing in his free time.",1_3_7_8,1_2_3_6_7
260,10,26,"John's free-time hobbies are jazzercise, biking, reading, and running.","As hobbies, John likes jazzercise, bicycling, spelunking, piloting Aerial drones, and jogging in his free time.",1_3_7_8,1_2_3_6_7
261,10,27,"John's free-time hobbies are jazzercise, biking, reading, and running.","John's free-time hobbies are biking, jogging, piloting Aerial drones, spelunking, and aerobics.",1_3_7_8,1_2_3_6_7
262,10,28,"John's free-time hobbies are jazzercise, biking, reading, and running.","John's free-time hobbies are bicycling, spelunking, piloting Aerial drones, jazzercise, and jogging.",1_3_7_8,1_2_3_6_7
263,10,29,"John's free-time hobbies are jazzercise, biking, reading, and running.","John's free-time hobbies are jogging, cycling, Drone flying, aerobics, and spelunking.",1_3_7_8,1_2_3_6_7
264,11,12,"In his free time, John likes reading, jazzercise, jogging, and cycling as hobbies.","John's free-time hobbies are biking, reading, running, and jazzercise.",1_3_7_8,1_3_7_8
265,11,13,"In his free time, John likes reading, jazzercise, jogging, and cycling as hobbies.","As hobbies, John likes aerobics, reading, running, and bicycling in his free time.",1_3_7_8,1_3_7_8
266,11,14,"In his free time, John likes reading, jazzercise, jogging, and cycling as hobbies.","In his free time, John likes bicycling, running, reading, and aerobics as hobbies.",1_3_7_8,1_3_7_8
267,11,15,"In his free time, John likes reading, jazzercise, jogging, and cycling as hobbies.","John's free-time hobbies are aerobics, reading, bicycling, and running.",1_3_7_8,1_3_7_8
268,11,16,"In his free time, John likes reading, jazzercise, jogging, and cycling as hobbies.","John's free-time hobbies are aerobics, reading, biking, and running.",1_3_7_8,1_3_7_8
269,11,17,"In his free time, John likes reading, jazzercise, jogging, and cycling as hobbies.","John's free-time hobbies are aerobics, running, reading, and bicycling.",1_3_7_8,1_3_7_8
270,11,18,"In his free time, John likes reading, jazzercise, jogging, and cycling as hobbies.","In his free time, John likes jogging, bicycling, reading, and jazzercise as hobbies.",1_3_7_8,1_3_7_8
271,11,19,"In his free time, John likes reading, jazzercise, jogging, and cycling as hobbies.","John's free-time hobbies are bicycling, piloting Aerial drones, potholing, running, and aerobics.",1_3_7_8,1_2_3_6_7
272,11,20,"In his free time, John likes reading, jazzercise, jogging, and cycling as hobbies.","As hobbies, John likes bicycling, running, spelunking, aerobics, and Drone flying in his free time.",1_3_7_8,1_2_3_6_7
273,11,21,"In his free time, John likes reading, jazzercise, jogging, and cycling as hobbies.","John's free-time hobbies are jogging, jazzercise, spelunking, Drone flying, and bicycling.",1_3_7_8,1_2_3_6_7
274,11,22,"In his free time, John likes reading, jazzercise, jogging, and cycling as hobbies.","John's free-time hobbies are spelunking, piloting Aerial drones, jogging, jazzercise, and cycling.",1_3_7_8,1_2_3_6_7
275,11,23,"In his free time, John likes reading, jazzercise, jogging, and cycling as hobbies.","John's free-time hobbies are jogging, bicycling, Drone flying, jazzercise, and caving.",1_3_7_8,1_2_3_6_7
276,11,24,"In his free time, John likes reading, jazzercise, jogging, and cycling as hobbies.","As hobbies, John likes Drone flying, biking, jogging, jazzercise, and potholing in his free time.",1_3_7_8,1_2_3_6_7
277,11,25,"In his free time, John likes reading, jazzercise, jogging, and cycling as hobbies.","As hobbies, John likes cycling, jazzercise, piloting Aerial drones, running, and potholing in his free time.",1_3_7_8,1_2_3_6_7
278,11,26,"In his free time, John likes reading, jazzercise, jogging, and cycling as hobbies.","As hobbies, John likes jazzercise, bicycling, spelunking, piloting Aerial drones, and jogging in his free time.",1_3_7_8,1_2_3_6_7
279,11,27,"In his free time, John likes reading, jazzercise, jogging, and cycling as hobbies.","John's free-time hobbies are biking, jogging, piloting Aerial drones, spelunking, and aerobics.",1_3_7_8,1_2_3_6_7
280,11,28,"In his free time, John likes reading, jazzercise, jogging, and cycling as hobbies.","John's free-time hobbies are bicycling, spelunking, piloting Aerial drones, jazzercise, and jogging.",1_3_7_8,1_2_3_6_7
281,11,29,"In his free time, John likes reading, jazzercise, jogging, and cycling as hobbies.","John's free-time hobbies are jogging, cycling, Drone flying, aerobics, and spelunking.",1_3_7_8,1_2_3_6_7
282,12,13,"John's free-time hobbies are biking, reading, running, and jazzercise.","As hobbies, John likes aerobics, reading, running, and bicycling in his free time.",1_3_7_8,1_3_7_8
283,12,14,"John's free-time hobbies are biking, reading, running, and jazzercise.","In his free time, John likes bicycling, running, reading, and aerobics as hobbies.",1_3_7_8,1_3_7_8
284,12,15,"John's free-time hobbies are biking, reading, running, and jazzercise.","John's free-time hobbies are aerobics, reading, bicycling, and running.",1_3_7_8,1_3_7_8
285,12,16,"John's free-time hobbies are biking, reading, running, and jazzercise.","John's free-time hobbies are aerobics, reading, biking, and running.",1_3_7_8,1_3_7_8
286,12,17,"John's free-time hobbies are biking, reading, running, and jazzercise.","John's free-time hobbies are aerobics, running, reading, and bicycling.",1_3_7_8,1_3_7_8
287,12,18,"John's free-time hobbies are biking, reading, running, and jazzercise.","In his free time, John likes jogging, bicycling, reading, and jazzercise as hobbies.",1_3_7_8,1_3_7_8
288,12,19,"John's free-time hobbies are biking, reading, running, and jazzercise.","John's free-time hobbies are bicycling, piloting Aerial drones, potholing, running, and aerobics.",1_3_7_8,1_2_3_6_7
289,12,20,"John's free-time hobbies are biking, reading, running, and jazzercise.","As hobbies, John likes bicycling, running, spelunking, aerobics, and Drone flying in his free time.",1_3_7_8,1_2_3_6_7
290,12,21,"John's free-time hobbies are biking, reading, running, and jazzercise.","John's free-time hobbies are jogging, jazzercise, spelunking, Drone flying, and bicycling.",1_3_7_8,1_2_3_6_7
291,12,22,"John's free-time hobbies are biking, reading, running, and jazzercise.","John's free-time hobbies are spelunking, piloting Aerial drones, jogging, jazzercise, and cycling.",1_3_7_8,1_2_3_6_7
292,12,23,"John's free-time hobbies are biking, reading, running, and jazzercise.","John's free-time hobbies are jogging, bicycling, Drone flying, jazzercise, and caving.",1_3_7_8,1_2_3_6_7
293,12,24,"John's free-time hobbies are biking, reading, running, and jazzercise.","As hobbies, John likes Drone flying, biking, jogging, jazzercise, and potholing in his free time.",1_3_7_8,1_2_3_6_7
294,12,25,"John's free-time hobbies are biking, reading, running, and jazzercise.","As hobbies, John likes cycling, jazzercise, piloting Aerial drones, running, and potholing in his free time.",1_3_7_8,1_2_3_6_7
295,12,26,"John's free-time hobbies are biking, reading, running, and jazzercise.","As hobbies, John likes jazzercise, bicycling, spelunking, piloting Aerial drones, and jogging in his free time.",1_3_7_8,1_2_3_6_7
296,12,27,"John's free-time hobbies are biking, reading, running, and jazzercise.","John's free-time hobbies are biking, jogging, piloting Aerial drones, spelunking, and aerobics.",1_3_7_8,1_2_3_6_7
297,12,28,"John's free-time hobbies are biking, reading, running, and jazzercise.","John's free-time hobbies are bicycling, spelunking, piloting Aerial drones, jazzercise, and jogging.",1_3_7_8,1_2_3_6_7
298,12,29,"John's free-time hobbies are biking, reading, running, and jazzercise.","John's free-time hobbies are jogging, cycling, Drone flying, aerobics, and spelunking.",1_3_7_8,1_2_3_6_7
299,13,14,"As hobbies, John likes aerobics, reading, running, and bicycling in his free time.","In his free time, John likes bicycling, running, reading, and aerobics as hobbies.",1_3_7_8,1_3_7_8
300,13,15,"As hobbies, John likes aerobics, reading, running, and bicycling in his free time.","John's free-time hobbies are aerobics, reading, bicycling, and running.",1_3_7_8,1_3_7_8
301,13,16,"As hobbies, John likes aerobics, reading, running, and bicycling in his free time.","John's free-time hobbies are aerobics, reading, biking, and running.",1_3_7_8,1_3_7_8
302,13,17,"As hobbies, John likes aerobics, reading, running, and bicycling in his free time.","John's free-time hobbies are aerobics, running, reading, and bicycling.",1_3_7_8,1_3_7_8
303,13,18,"As hobbies, John likes aerobics, reading, running, and bicycling in his free time.","In his free time, John likes jogging, bicycling, reading, and jazzercise as hobbies.",1_3_7_8,1_3_7_8
304,13,19,"As hobbies, John likes aerobics, reading, running, and bicycling in his free time.","John's free-time hobbies are bicycling, piloting Aerial drones, potholing, running, and aerobics.",1_3_7_8,1_2_3_6_7
305,13,20,"As hobbies, John likes aerobics, reading, running, and bicycling in his free time.","As hobbies, John likes bicycling, running, spelunking, aerobics, and Drone flying in his free time.",1_3_7_8,1_2_3_6_7
306,13,21,"As hobbies, John likes aerobics, reading, running, and bicycling in his free time.","John's free-time hobbies are jogging, jazzercise, spelunking, Drone flying, and bicycling.",1_3_7_8,1_2_3_6_7
307,13,22,"As hobbies, John likes aerobics, reading, running, and bicycling in his free time.","John's free-time hobbies are spelunking, piloting Aerial drones, jogging, jazzercise, and cycling.",1_3_7_8,1_2_3_6_7
308,13,23,"As hobbies, John likes aerobics, reading, running, and bicycling in his free time.","John's free-time hobbies are jogging, bicycling, Drone flying, jazzercise, and caving.",1_3_7_8,1_2_3_6_7
309,13,24,"As hobbies, John likes aerobics, reading, running, and bicycling in his free time.","As hobbies, John likes Drone flying, biking, jogging, jazzercise, and potholing in his free time.",1_3_7_8,1_2_3_6_7
310,13,25,"As hobbies, John likes aerobics, reading, running, and bicycling in his free time.","As hobbies, John likes cycling, jazzercise, piloting Aerial drones, running, and potholing in his free time.",1_3_7_8,1_2_3_6_7
311,13,26,"As hobbies, John likes aerobics, reading, running, and bicycling in his free time.","As hobbies, John likes jazzercise, bicycling, spelunking, piloting Aerial drones, and jogging in his free time.",1_3_7_8,1_2_3_6_7
312,13,27,"As hobbies, John likes aerobics, reading, running, and bicycling in his free time.","John's free-time hobbies are biking, jogging, piloting Aerial drones, spelunking, and aerobics.",1_3_7_8,1_2_3_6_7
313,13,28,"As hobbies, John likes aerobics, reading, running, and bicycling in his free time.","John's free-time hobbies are bicycling, spelunking, piloting Aerial drones, jazzercise, and jogging.",1_3_7_8,1_2_3_6_7
314,13,29,"As hobbies, John likes aerobics, reading, running, and bicycling in his free time.","John's free-time hobbies are jogging, cycling, Drone flying, aerobics, and spelunking.",1_3_7_8,1_2_3_6_7
315,14,15,"In his free time, John likes bicycling, running, reading, and aerobics as hobbies.","John's free-time hobbies are aerobics, reading, bicycling, and running.",1_3_7_8,1_3_7_8
316,14,16,"In his free time, John likes bicycling, running, reading, and aerobics as hobbies.","John's free-time hobbies are aerobics, reading, biking, and running.",1_3_7_8,1_3_7_8
317,14,17,"In his free time, John likes bicycling, running, reading, and aerobics as hobbies.","John's free-time hobbies are aerobics, running, reading, and bicycling.",1_3_7_8,1_3_7_8
318,14,18,"In his free time, John likes bicycling, running, reading, and aerobics as hobbies.","In his free time, John likes jogging, bicycling, reading, and jazzercise as hobbies.",1_3_7_8,1_3_7_8
319,14,19,"In his free time, John likes bicycling, running, reading, and aerobics as hobbies.","John's free-time hobbies are bicycling, piloting Aerial drones, potholing, running, and aerobics.",1_3_7_8,1_2_3_6_7
320,14,20,"In his free time, John likes bicycling, running, reading, and aerobics as hobbies.","As hobbies, John likes bicycling, running, spelunking, aerobics, and Drone flying in his free time.",1_3_7_8,1_2_3_6_7
321,14,21,"In his free time, John likes bicycling, running, reading, and aerobics as hobbies.","John's free-time hobbies are jogging, jazzercise, spelunking, Drone flying, and bicycling.",1_3_7_8,1_2_3_6_7
322,14,22,"In his free time, John likes bicycling, running, reading, and aerobics as hobbies.","John's free-time hobbies are spelunking, piloting Aerial drones, jogging, jazzercise, and cycling.",1_3_7_8,1_2_3_6_7
323,14,23,"In his free time, John likes bicycling, running, reading, and aerobics as hobbies.","John's free-time hobbies are jogging, bicycling, Drone flying, jazzercise, and caving.",1_3_7_8,1_2_3_6_7
324,14,24,"In his free time, John likes bicycling, running, reading, and aerobics as hobbies.","As hobbies, John likes Drone flying, biking, jogging, jazzercise, and potholing in his free time.",1_3_7_8,1_2_3_6_7
325,14,25,"In his free time, John likes bicycling, running, reading, and aerobics as hobbies.","As hobbies, John likes cycling, jazzercise, piloting Aerial drones, running, and potholing in his free time.",1_3_7_8,1_2_3_6_7
326,14,26,"In his free time, John likes bicycling, running, reading, and aerobics as hobbies.","As hobbies, John likes jazzercise, bicycling, spelunking, piloting Aerial drones, and jogging in his free time.",1_3_7_8,1_2_3_6_7
327,14,27,"In his free time, John likes bicycling, running, reading, and aerobics as hobbies.","John's free-time hobbies are biking, jogging, piloting Aerial drones, spelunking, and aerobics.",1_3_7_8,1_2_3_6_7
328,14,28,"In his free time, John likes bicycling, running, reading, and aerobics as hobbies.","John's free-time hobbies are bicycling, spelunking, piloting Aerial drones, jazzercise, and jogging.",1_3_7_8,1_2_3_6_7
329,14,29,"In his free time, John likes bicycling, running, reading, and aerobics as hobbies.","John's free-time hobbies are jogging, cycling, Drone flying, aerobics, and spelunking.",1_3_7_8,1_2_3_6_7
330,15,16,"John's free-time hobbies are aerobics, reading, bicycling, and running.","John's free-time hobbies are aerobics, reading, biking, and running.",1_3_7_8,1_3_7_8
331,15,17,"John's free-time hobbies are aerobics, reading, bicycling, and running.","John's free-time hobbies are aerobics, running, reading, and bicycling.",1_3_7_8,1_3_7_8
332,15,18,"John's free-time hobbies are aerobics, reading, bicycling, and running.","In his free time, John likes jogging, bicycling, reading, and jazzercise as hobbies.",1_3_7_8,1_3_7_8
333,15,19,"John's free-time hobbies are aerobics, reading, bicycling, and running.","John's free-time hobbies are bicycling, piloting Aerial drones, potholing, running, and aerobics.",1_3_7_8,1_2_3_6_7
334,15,20,"John's free-time hobbies are aerobics, reading, bicycling, and running.","As hobbies, John likes bicycling, running, spelunking, aerobics, and Drone flying in his free time.",1_3_7_8,1_2_3_6_7
335,15,21,"John's free-time hobbies are aerobics, reading, bicycling, and running.","John's free-time hobbies are jogging, jazzercise, spelunking, Drone flying, and bicycling.",1_3_7_8,1_2_3_6_7
336,15,22,"John's free-time hobbies are aerobics, reading, bicycling, and running.","John's free-time hobbies are spelunking, piloting Aerial drones, jogging, jazzercise, and cycling.",1_3_7_8,1_2_3_6_7
337,15,23,"John's free-time hobbies are aerobics, reading, bicycling, and running.","John's free-time hobbies are jogging, bicycling, Drone flying, jazzercise, and caving.",1_3_7_8,1_2_3_6_7
338,15,24,"John's free-time hobbies are aerobics, reading, bicycling, and running.","As hobbies, John likes Drone flying, biking, jogging, jazzercise, and potholing in his free time.",1_3_7_8,1_2_3_6_7
339,15,25,"John's free-time hobbies are aerobics, reading, bicycling, and running.","As hobbies, John likes cycling, jazzercise, piloting Aerial drones, running, and potholing in his free time.",1_3_7_8,1_2_3_6_7
340,15,26,"John's free-time hobbies are aerobics, reading, bicycling, and running.","As hobbies, John likes jazzercise, bicycling, spelunking, piloting Aerial drones, and jogging in his free time.",1_3_7_8,1_2_3_6_7
341,15,27,"John's free-time hobbies are aerobics, reading, bicycling, and running.","John's free-time hobbies are biking, jogging, piloting Aerial drones, spelunking, and aerobics.",1_3_7_8,1_2_3_6_7
342,15,28,"John's free-time hobbies are aerobics, reading, bicycling, and running.","John's free-time hobbies are bicycling, spelunking, piloting Aerial drones, jazzercise, and jogging.",1_3_7_8,1_2_3_6_7
343,15,29,"John's free-time hobbies are aerobics, reading, bicycling, and running.","John's free-time hobbies are jogging, cycling, Drone flying, aerobics, and spelunking.",1_3_7_8,1_2_3_6_7
344,16,17,"John's free-time hobbies are aerobics, reading, biking, and running.","John's free-time hobbies are aerobics, running, reading, and bicycling.",1_3_7_8,1_3_7_8
345,16,18,"John's free-time hobbies are aerobics, reading, biking, and running.","In his free time, John likes jogging, bicycling, reading, and jazzercise as hobbies.",1_3_7_8,1_3_7_8
346,16,19,"John's free-time hobbies are aerobics, reading, biking, and running.","John's free-time hobbies are bicycling, piloting Aerial drones, potholing, running, and aerobics.",1_3_7_8,1_2_3_6_7
347,16,20,"John's free-time hobbies are aerobics, reading, biking, and running.","As hobbies, John likes bicycling, running, spelunking, aerobics, and Drone flying in his free time.",1_3_7_8,1_2_3_6_7
348,16,21,"John's free-time hobbies are aerobics, reading, biking, and running.","John's free-time hobbies are jogging, jazzercise, spelunking, Drone flying, and bicycling.",1_3_7_8,1_2_3_6_7
349,16,22,"John's free-time hobbies are aerobics, reading, biking, and running.","John's free-time hobbies are spelunking, piloting Aerial drones, jogging, jazzercise, and cycling.",1_3_7_8,1_2_3_6_7
350,16,23,"John's free-time hobbies are aerobics, reading, biking, and running.","John's free-time hobbies are jogging, bicycling, Drone flying, jazzercise, and caving.",1_3_7_8,1_2_3_6_7
351,16,24,"John's free-time hobbies are aerobics, reading, biking, and running.","As hobbies, John likes Drone flying, biking, jogging, jazzercise, and potholing in his free time.",1_3_7_8,1_2_3_6_7
352,16,25,"John's free-time hobbies are aerobics, reading, biking, and running.","As hobbies, John likes cycling, jazzercise, piloting Aerial drones, running, and potholing in his free time.",1_3_7_8,1_2_3_6_7
353,16,26,"John's free-time hobbies are aerobics, reading, biking, and running.","As hobbies, John likes jazzercise, bicycling, spelunking, piloting Aerial drones, and jogging in his free time.",1_3_7_8,1_2_3_6_7
354,16,27,"John's free-time hobbies are aerobics, reading, biking, and running.","John's free-time hobbies are biking, jogging, piloting Aerial drones, spelunking, and aerobics.",1_3_7_8,1_2_3_6_7
355,16,28,"John's free-time hobbies are aerobics, reading, biking, and running.","John's free-time hobbies are bicycling, spelunking, piloting Aerial drones, jazzercise, and jogging.",1_3_7_8,1_2_3_6_7
356,16,29,"John's free-time hobbies are aerobics, reading, biking, and running.","John's free-time hobbies are jogging, cycling, Drone flying, aerobics, and spelunking.",1_3_7_8,1_2_3_6_7
357,17,18,"John's free-time hobbies are aerobics, running, reading, and bicycling.","In his free time, John likes jogging, bicycling, reading, and jazzercise as hobbies.",1_3_7_8,1_3_7_8
358,17,19,"John's free-time hobbies are aerobics, running, reading, and bicycling.","John's free-time hobbies are bicycling, piloting Aerial drones, potholing, running, and aerobics.",1_3_7_8,1_2_3_6_7
359,17,20,"John's free-time hobbies are aerobics, running, reading, and bicycling.","As hobbies, John likes bicycling, running, spelunking, aerobics, and Drone flying in his free time.",1_3_7_8,1_2_3_6_7
360,17,21,"John's free-time hobbies are aerobics, running, reading, and bicycling.","John's free-time hobbies are jogging, jazzercise, spelunking, Drone flying, and bicycling.",1_3_7_8,1_2_3_6_7
361,17,22,"John's free-time hobbies are aerobics, running, reading, and bicycling.","John's free-time hobbies are spelunking, piloting Aerial drones, jogging, jazzercise, and cycling.",1_3_7_8,1_2_3_6_7
362,17,23,"John's free-time hobbies are aerobics, running, reading, and bicycling.","John's free-time hobbies are jogging, bicycling, Drone flying, jazzercise, and caving.",1_3_7_8,1_2_3_6_7
363,17,24,"John's free-time hobbies are aerobics, running, reading, and bicycling.","As hobbies, John likes Drone flying, biking, jogging, jazzercise, and potholing in his free time.",1_3_7_8,1_2_3_6_7
364,17,25,"John's free-time hobbies are aerobics, running, reading, and bicycling.","As hobbies, John likes cycling, jazzercise, piloting Aerial drones, running, and potholing in his free time.",1_3_7_8,1_2_3_6_7
365,17,26,"John's free-time hobbies are aerobics, running, reading, and bicycling.","As hobbies, John likes jazzercise, bicycling, spelunking, piloting Aerial drones, and jogging in his free time.",1_3_7_8,1_2_3_6_7
366,17,27,"John's free-time hobbies are aerobics, running, reading, and bicycling.","John's free-time hobbies are biking, jogging, piloting Aerial drones, spelunking, and aerobics.",1_3_7_8,1_2_3_6_7
367,17,28,"John's free-time hobbies are aerobics, running, reading, and bicycling.","John's free-time hobbies are bicycling, spelunking, piloting Aerial drones, jazzercise, and jogging.",1_3_7_8,1_2_3_6_7
368,17,29,"John's free-time hobbies are aerobics, running, reading, and bicycling.","John's free-time hobbies are jogging, cycling, Drone flying, aerobics, and spelunking.",1_3_7_8,1_2_3_6_7
369,18,19,"In his free time, John likes jogging, bicycling, reading, and jazzercise as hobbies.","John's free-time hobbies are bicycling, piloting Aerial drones, potholing, running, and aerobics.",1_3_7_8,1_2_3_6_7
370,18,20,"In his free time, John likes jogging, bicycling, reading, and jazzercise as hobbies.","As hobbies, John likes bicycling, running, spelunking, aerobics, and Drone flying in his free time.",1_3_7_8,1_2_3_6_7
371,18,21,"In his free time, John likes jogging, bicycling, reading, and jazzercise as hobbies.","John's free-time hobbies are jogging, jazzercise, spelunking, Drone flying, and bicycling.",1_3_7_8,1_2_3_6_7
372,18,22,"In his free time, John likes jogging, bicycling, reading, and jazzercise as hobbies.","John's free-time hobbies are spelunking, piloting Aerial drones, jogging, jazzercise, and cycling.",1_3_7_8,1_2_3_6_7
373,18,23,"In his free time, John likes jogging, bicycling, reading, and jazzercise as hobbies.","John's free-time hobbies are jogging, bicycling, Drone flying, jazzercise, and caving.",1_3_7_8,1_2_3_6_7
374,18,24,"In his free time, John likes jogging, bicycling, reading, and jazzercise as hobbies.","As hobbies, John likes Drone flying, biking, jogging, jazzercise, and potholing in his free time.",1_3_7_8,1_2_3_6_7
375,18,25,"In his free time, John likes jogging, bicycling, reading, and jazzercise as hobbies.","As hobbies, John likes cycling, jazzercise, piloting Aerial drones, running, and potholing in his free time.",1_3_7_8,1_2_3_6_7
376,18,26,"In his free time, John likes jogging, bicycling, reading, and jazzercise as hobbies.","As hobbies, John likes jazzercise, bicycling, spelunking, piloting Aerial drones, and jogging in his free time.",1_3_7_8,1_2_3_6_7
377,18,27,"In his free time, John likes jogging, bicycling, reading, and jazzercise as hobbies.","John's free-time hobbies are biking, jogging, piloting Aerial drones, spelunking, and aerobics.",1_3_7_8,1_2_3_6_7
378,18,28,"In his free time, John likes jogging, bicycling, reading, and jazzercise as hobbies.","John's free-time hobbies are bicycling, spelunking, piloting Aerial drones, jazzercise, and jogging.",1_3_7_8,1_2_3_6_7
379,18,29,"In his free time, John likes jogging, bicycling, reading, and jazzercise as hobbies.","John's free-time hobbies are jogging, cycling, Drone flying, aerobics, and spelunking.",1_3_7_8,1_2_3_6_7
380,19,20,"John's free-time hobbies are bicycling, piloting Aerial drones, potholing, running, and aerobics.","As hobbies, John likes bicycling, running, spelunking, aerobics, and Drone flying in his free time.",1_2_3_6_7,1_2_3_6_7
381,19,21,"John's free-time hobbies are bicycling, piloting Aerial drones, potholing, running, and aerobics.","John's free-time hobbies are jogging, jazzercise, spelunking, Drone flying, and bicycling.",1_2_3_6_7,1_2_3_6_7
382,19,22,"John's free-time hobbies are bicycling, piloting Aerial drones, potholing, running, and aerobics.","John's free-time hobbies are spelunking, piloting Aerial drones, jogging, jazzercise, and cycling.",1_2_3_6_7,1_2_3_6_7
383,19,23,"John's free-time hobbies are bicycling, piloting Aerial drones, potholing, running, and aerobics.","John's free-time hobbies are jogging, bicycling, Drone flying, jazzercise, and caving.",1_2_3_6_7,1_2_3_6_7
384,19,24,"John's free-time hobbies are bicycling, piloting Aerial drones, potholing, running, and aerobics.","As hobbies, John likes Drone flying, biking, jogging, jazzercise, and potholing in his free time.",1_2_3_6_7,1_2_3_6_7
385,19,25,"John's free-time hobbies are bicycling, piloting Aerial drones, potholing, running, and aerobics.","As hobbies, John likes cycling, jazzercise, piloting Aerial drones, running, and potholing in his free time.",1_2_3_6_7,1_2_3_6_7
386,19,26,"John's free-time hobbies are bicycling, piloting Aerial drones, potholing, running, and aerobics.","As hobbies, John likes jazzercise, bicycling, spelunking, piloting Aerial drones, and jogging in his free time.",1_2_3_6_7,1_2_3_6_7
387,19,27,"John's free-time hobbies are bicycling, piloting Aerial drones, potholing, running, and aerobics.","John's free-time hobbies are biking, jogging, piloting Aerial drones, spelunking, and aerobics.",1_2_3_6_7,1_2_3_6_7
388,19,28,"John's free-time hobbies are bicycling, piloting Aerial drones, potholing, running, and aerobics.","John's free-time hobbies are bicycling, spelunking, piloting Aerial drones, jazzercise, and jogging.",1_2_3_6_7,1_2_3_6_7
389,19,29,"John's free-time hobbies are bicycling, piloting Aerial drones, potholing, running, and aerobics.","John's free-time hobbies are jogging, cycling, Drone flying, aerobics, and spelunking.",1_2_3_6_7,1_2_3_6_7
390,20,21,"As hobbies, John likes bicycling, running, spelunking, aerobics, and Drone flying in his free time.","John's free-time hobbies are jogging, jazzercise, spelunking, Drone flying, and bicycling.",1_2_3_6_7,1_2_3_6_7
391,20,22,"As hobbies, John likes bicycling, running, spelunking, aerobics, and Drone flying in his free time.","John's free-time hobbies are spelunking, piloting Aerial drones, jogging, jazzercise, and cycling.",1_2_3_6_7,1_2_3_6_7
392,20,23,"As hobbies, John likes bicycling, running, spelunking, aerobics, and Drone flying in his free time.","John's free-time hobbies are jogging, bicycling, Drone flying, jazzercise, and caving.",1_2_3_6_7,1_2_3_6_7
393,20,24,"As hobbies, John likes bicycling, running, spelunking, aerobics, and Drone flying in his free time.","As hobbies, John likes Drone flying, biking, jogging, jazzercise, and potholing in his free time.",1_2_3_6_7,1_2_3_6_7
394,20,25,"As hobbies, John likes bicycling, running, spelunking, aerobics, and Drone flying in his free time.","As hobbies, John likes cycling, jazzercise, piloting Aerial drones, running, and potholing in his free time.",1_2_3_6_7,1_2_3_6_7
395,20,26,"As hobbies, John likes bicycling, running, spelunking, aerobics, and Drone flying in his free time.","As hobbies, John likes jazzercise, bicycling, spelunking, piloting Aerial drones, and jogging in his free time.",1_2_3_6_7,1_2_3_6_7
396,20,27,"As hobbies, John likes bicycling, running, spelunking, aerobics, and Drone flying in his free time.","John's free-time hobbies are biking, jogging, piloting Aerial drones, spelunking, and aerobics.",1_2_3_6_7,1_2_3_6_7
397,20,28,"As hobbies, John likes bicycling, running, spelunking, aerobics, and Drone flying in his free time.","John's free-time hobbies are bicycling, spelunking, piloting Aerial drones, jazzercise, and jogging.",1_2_3_6_7,1_2_3_6_7
398,20,29,"As hobbies, John likes bicycling, running, spelunking, aerobics, and Drone flying in his free time.","John's free-time hobbies are jogging, cycling, Drone flying, aerobics, and spelunking.",1_2_3_6_7,1_2_3_6_7
399,21,22,"John's free-time hobbies are jogging, jazzercise, spelunking, Drone flying, and bicycling.","John's free-time hobbies are spelunking, piloting Aerial drones, jogging, jazzercise, and cycling.",1_2_3_6_7,1_2_3_6_7
400,21,23,"John's free-time hobbies are jogging, jazzercise, spelunking, Drone flying, and bicycling.","John's free-time hobbies are jogging, bicycling, Drone flying, jazzercise, and caving.",1_2_3_6_7,1_2_3_6_7
401,21,24,"John's free-time hobbies are jogging, jazzercise, spelunking, Drone flying, and bicycling.","As hobbies, John likes Drone flying, biking, jogging, jazzercise, and potholing in his free time.",1_2_3_6_7,1_2_3_6_7
402,21,25,"John's free-time hobbies are jogging, jazzercise, spelunking, Drone flying, and bicycling.","As hobbies, John likes cycling, jazzercise, piloting Aerial drones, running, and potholing in his free time.",1_2_3_6_7,1_2_3_6_7
403,21,26,"John's free-time hobbies are jogging, jazzercise, spelunking, Drone flying, and bicycling.","As hobbies, John likes jazzercise, bicycling, spelunking, piloting Aerial drones, and jogging in his free time.",1_2_3_6_7,1_2_3_6_7
404,21,27,"John's free-time hobbies are jogging, jazzercise, spelunking, Drone flying, and bicycling.","John's free-time hobbies are biking, jogging, piloting Aerial drones, spelunking, and aerobics.",1_2_3_6_7,1_2_3_6_7
405,21,28,"John's free-time hobbies are jogging, jazzercise, spelunking, Drone flying, and bicycling.","John's free-time hobbies are bicycling, spelunking, piloting Aerial drones, jazzercise, and jogging.",1_2_3_6_7,1_2_3_6_7
406,21,29,"John's free-time hobbies are jogging, jazzercise, spelunking, Drone flying, and bicycling.","John's free-time hobbies are jogging, cycling, Drone flying, aerobics, and spelunking.",1_2_3_6_7,1_2_3_6_7
407,22,23,"John's free-time hobbies are spelunking, piloting Aerial drones, jogging, jazzercise, and cycling.","John's free-time hobbies are jogging, bicycling, Drone flying, jazzercise, and caving.",1_2_3_6_7,1_2_3_6_7
408,22,24,"John's free-time hobbies are spelunking, piloting Aerial drones, jogging, jazzercise, and cycling.","As hobbies, John likes Drone flying, biking, jogging, jazzercise, and potholing in his free time.",1_2_3_6_7,1_2_3_6_7
409,22,25,"John's free-time hobbies are spelunking, piloting Aerial drones, jogging, jazzercise, and cycling.","As hobbies, John likes cycling, jazzercise, piloting Aerial drones, running, and potholing in his free time.",1_2_3_6_7,1_2_3_6_7
410,22,26,"John's free-time hobbies are spelunking, piloting Aerial drones, jogging, jazzercise, and cycling.","As hobbies, John likes jazzercise, bicycling, spelunking, piloting Aerial drones, and jogging in his free time.",1_2_3_6_7,1_2_3_6_7
411,22,27,"John's free-time hobbies are spelunking, piloting Aerial drones, jogging, jazzercise, and cycling.","John's free-time hobbies are biking, jogging, piloting Aerial drones, spelunking, and aerobics.",1_2_3_6_7,1_2_3_6_7
412,22,28,"John's free-time hobbies are spelunking, piloting Aerial drones, jogging, jazzercise, and cycling.","John's free-time hobbies are bicycling, spelunking, piloting Aerial drones, jazzercise, and jogging.",1_2_3_6_7,1_2_3_6_7
413,22,29,"John's free-time hobbies are spelunking, piloting Aerial drones, jogging, jazzercise, and cycling.","John's free-time hobbies are jogging, cycling, Drone flying, aerobics, and spelunking.",1_2_3_6_7,1_2_3_6_7
414,23,24,"John's free-time hobbies are jogging, bicycling, Drone flying, jazzercise, and caving.","As hobbies, John likes Drone flying, biking, jogging, jazzercise, and potholing in his free time.",1_2_3_6_7,1_2_3_6_7
415,23,25,"John's free-time hobbies are jogging, bicycling, Drone flying, jazzercise, and caving.","As hobbies, John likes cycling, jazzercise, piloting Aerial drones, running, and potholing in his free time.",1_2_3_6_7,1_2_3_6_7
416,23,26,"John's free-time hobbies are jogging, bicycling, Drone flying, jazzercise, and caving.","As hobbies, John likes jazzercise, bicycling, spelunking, piloting Aerial drones, and jogging in his free time.",1_2_3_6_7,1_2_3_6_7
417,23,27,"John's free-time hobbies are jogging, bicycling, Drone flying, jazzercise, and caving.","John's free-time hobbies are biking, jogging, piloting Aerial drones, spelunking, and aerobics.",1_2_3_6_7,1_2_3_6_7
418,23,28,"John's free-time hobbies are jogging, bicycling, Drone flying, jazzercise, and caving.","John's free-time hobbies are bicycling, spelunking, piloting Aerial drones, jazzercise, and jogging.",1_2_3_6_7,1_2_3_6_7
419,23,29,"John's free-time hobbies are jogging, bicycling, Drone flying, jazzercise, and caving.","John's free-time hobbies are jogging, cycling, Drone flying, aerobics, and spelunking.",1_2_3_6_7,1_2_3_6_7
420,24,25,"As hobbies, John likes Drone flying, biking, jogging, jazzercise, and potholing in his free time.","As hobbies, John likes cycling, jazzercise, piloting Aerial drones, running, and potholing in his free time.",1_2_3_6_7,1_2_3_6_7
421,24,26,"As hobbies, John likes Drone flying, biking, jogging, jazzercise, and potholing in his free time.","As hobbies, John likes jazzercise, bicycling, spelunking, piloting Aerial drones, and jogging in his free time.",1_2_3_6_7,1_2_3_6_7
422,24,27,"As hobbies, John likes Drone flying, biking, jogging, jazzercise, and potholing in his free time.","John's free-time hobbies are biking, jogging, piloting Aerial drones, spelunking, and aerobics.",1_2_3_6_7,1_2_3_6_7
423,24,28,"As hobbies, John likes Drone flying, biking, jogging, jazzercise, and potholing in his free time.","John's free-time hobbies are bicycling, spelunking, piloting Aerial drones, jazzercise, and jogging.",1_2_3_6_7,1_2_3_6_7
424,24,29,"As hobbies, John likes Drone flying, biking, jogging, jazzercise, and potholing in his free time.","John's free-time hobbies are jogging, cycling, Drone flying, aerobics, and spelunking.",1_2_3_6_7,1_2_3_6_7
425,25,26,"As hobbies, John likes cycling, jazzercise, piloting Aerial drones, running, and potholing in his free time.","As hobbies, John likes jazzercise, bicycling, spelunking, piloting Aerial drones, and jogging in his free time.",1_2_3_6_7,1_2_3_6_7
426,25,27,"As hobbies, John likes cycling, jazzercise, piloting Aerial drones, running, and potholing in his free time.","John's free-time hobbies are biking, jogging, piloting Aerial drones, spelunking, and aerobics.",1_2_3_6_7,1_2_3_6_7
427,25,28,"As hobbies, John likes cycling, jazzercise, piloting Aerial drones, running, and potholing in his free time.","John's free-time hobbies are bicycling, spelunking, piloting Aerial drones, jazzercise, and jogging.",1_2_3_6_7,1_2_3_6_7
428,25,29,"As hobbies, John likes cycling, jazzercise, piloting Aerial drones, running, and potholing in his free time.","John's free-time hobbies are jogging, cycling, Drone flying, aerobics, and spelunking.",1_2_3_6_7,1_2_3_6_7
429,26,27,"As hobbies, John likes jazzercise, bicycling, spelunking, piloting Aerial drones, and jogging in his free time.","John's free-time hobbies are biking, jogging, piloting Aerial drones, spelunking, and aerobics.",1_2_3_6_7,1_2_3_6_7
430,26,28,"As hobbies, John likes jazzercise, bicycling, spelunking, piloting Aerial drones, and jogging in his free time.","John's free-time hobbies are bicycling, spelunking, piloting Aerial drones, jazzercise, and jogging.",1_2_3_6_7,1_2_3_6_7
431,26,29,"As hobbies, John likes jazzercise, bicycling, spelunking, piloting Aerial drones, and jogging in his free time.","John's free-time hobbies are jogging, cycling, Drone flying, aerobics, and spelunking.",1_2_3_6_7,1_2_3_6_7
432,27,28,"John's free-time hobbies are biking, jogging, piloting Aerial drones, spelunking, and aerobics.","John's free-time hobbies are bicycling, spelunking, piloting Aerial drones, jazzercise, and jogging.",1_2_3_6_7,1_2_3_6_7
433,27,29,"John's free-time hobbies are biking, jogging, piloting Aerial drones, spelunking, and aerobics.","John's free-time hobbies are jogging, cycling, Drone flying, aerobics, and spelunking.",1_2_3_6_7,1_2_3_6_7
434,28,29,"John's free-time hobbies are bicycling, spelunking, piloting Aerial drones, jazzercise, and jogging.","John's free-time hobbies are jogging, cycling, Drone flying, aerobics, and spelunking.",1_2_3_6_7,1_2_3_6_7
